[{
    "ARI": {
        "Type": "Advanced Reading Inputs",
        "InternalChartData": [{
            "type": "File Count",
            "total": "2",
            "processed": "2",
            "colorCode": "#5ec41a",
            "inProgress": "0",
            "inError": "?",
            "labels": ["", "13-Tue", "14-Wed", "15-Thu", "16-Fri", "17-Sat", "18-Sun", "19-Mon"],

            "lineData": [
                [null, 20, 97, 20, 70, 10, 100, 60]
            ],
            "pointBackgroundColor": [
                [null, "#ff2f40", "#ff2f40", "#0000FF", "#ff2f40", "#ff2f40", "#ff2f40", "#ff2f40"]
            ],
            "filesReceived": "Total Files Received",
            "inWaiting": "?"
        }, {
            "type": "Register Readings",
            "total": "100",
            "processed": "25",
            "colorCode": "#ff2f40",
            "inProgress": "0",
            "inError": "?",
            "labels": ["", "Fri"],
            "lineData": [
                [null, 0]
            ],
            "pointBackgroundColor": [
                [null, "#ff2f40"]
            ],
            "filesReceived": "Total Registered Readings"
        }, {
            "type": "Interval Readings",
            "total": "100",
            "processed": "80",
            "colorCode": "#dafd2f",
            "inProgress": "0",
            "inError": "?",
            "labels": ["", "Fri"],
            "lineData": [
                [null, 0]
            ],
            "pointBackgroundColor": [
                [null, "#ff2f40"]
            ],
            "filesReceived": "Total Interval Readings"
        }]
    },
    "BI": {
        "Type": "Billing Import",
        "InternalChartData": [{
            "type": "Resi File Count",
            "total": "7",
            "processed": "76",
            "colorCode": "#ff2f40"
        }, {
            "type": "Resi Meter Count",
            "total": "0",
            "processed": "0",
            "colorCode": "#ff2f40"
        }, {
            "type": "CI File Count",
            "total": "0",
            "processed": "0",
            "colorCode": "#ff2f40"
        }, {
            "type": "CI Meter Count",
            "total": "0",
            "processed": "0",
            "colorCode": "#ff2f40"
        }, {
            "type": " Total Readings",
            "total": "0",
            "processed": "0",
            "colorCode": "#ff2f40"
        }]
    },
    "BE": {
        "Type": "Billing Export",
        "NO_DATA": "Currently there is no data. Kindly refresh the page after sometime !"
    }
}]
