[{
                "ARI": {
                                "Type": "Advanced Reading Inputs",
                                 
                                "InternalChartData": [{
                                                "type": "File Count",
                                                "total": "100",
                                                "processed": "60",
                                                "colorCode": "#5ec41a",
                                                "inProgress": "80",
                                                "inError": "?",
                                                "labels": ["", "WED", "THU", "FRI", "SAT", "SUN", "MON", "TUE"],
                                                "lineData": [
                                                                [null, 400, 500, 600, 700, 800, 80, 50]
                                                ],
                                                "pointBackgroundColor": [
                                                                [null, "#5ec41a", "#5ec41a", "#5ec41a", "#5ec41a", "#5ec41a", "#dafd2f", "#ff2f40"]
                                                ],
                                                "filesReceived": "Total Files Received",
                                                "inWaiting": "?"
                                }, {
                                                "type": "RegisteredReadings",
                                                "total": "60",
                                                "processed": "30",
                                                "colorCode": "#cdd92b",
                                                "inProgress": "30",
                                                "inError": "?",
                                                "labels": ["", "WED", "THU", "FRI", "SAT", "MON", "TUE"],
                                                "lineData": [
                                                                [null, 100, 100, 108, 105, 48, 50]
                                                ],
                                                "pointBackgroundColor": [
                                                                [null, "#5ec41a", "#5ec41a", "#5ec41a", "#5ec41a", "#ff2f40", "#ff2f40"]
                                                ],
                                                "filesReceived": "Total Registered Readings"
                                }, {
                                                "type": "IntervalReadings",
                                                "total": "50",
                                                "processed": "25",
                                                "colorCode": "#da4d2f",
                                                "inProgress": "25",
                                                "inError": "?",
                                                "labels": ["", "WED", "THU", "FRI", "SAT", "SUN", "SUN", "MON", "TUE"],
                                                "lineData": [
                                                                [null, 100, 100, 100, 100, 84, 100, 80, 75]
                                                ],
                                                "pointBackgroundColor": [
                                                                [null, "#5ec41a", "#5ec41a", "#5ec41a", "#5ec41a", "#dafd2f", "#5ec41a", "#dafd2f", "#dafd2f"]
                                                ],
                                                "filesReceived": "Total Interval Readings"
                                }]
                },
                "BI": {
                "Type": "Billing Import",
                "InternalChartData": [{
                                "type": "Residential File Count",
                                "total": "100",
                                "processed": "84",
                                "colorCode": "#5ec41a"
                        }, {
                                "type": "Residential Meter Count",
                                "total": "8000",
                                "processed": "7500",
                                "colorCode": "#cdd92b"
                        }, {
                                "type": "CI File Count",
                                "total": "100",
                                "processed": "84",
                                "colorCode": "#da4d2f"
                        }, {
                                "type": "CI Meter Count",
                                "total": "8000",
                                "processed": "7500",
                                "colorCode": "#5ec41a"

                        },

                        {
                                "type": "Total No. of Readings",
                                "total": "8000",
                                "processed": "7500",
                                 "colorCode": "#cdd92b"
                        }
                ]
        },

                "BE": {
                                "Type": "Billing  Export",
                              
                                "NO_DATA" :"Currently there is no data. Kindly refresh the page after sometime !"
                        }
                                                                
                }]
